{"lr": 0.00029991899412681454, "data_time": 0.020075249671936034, "loss": 0.5507087290287018, "decode.loss_ce": 0.3329506129026413, "decode.acc_seg": 88.6026382446289, "aux.loss_ce": 0.21775810569524764, "aux.acc_seg": 85.82324981689453, "time": 1.113791012763977, "iter": 10, "memory": 15879, "step": 10}
{"lr": 0.0002998289833234293, "data_time": 0.01328122615814209, "loss": 0.3754174828529358, "decode.loss_ce": 0.2274436965584755, "decode.acc_seg": 92.99788665771484, "aux.loss_ce": 0.14797378927469254, "aux.acc_seg": 91.65306091308594, "time": 0.3791811943054199, "iter": 20, "memory": 10292, "step": 20}
{"lr": 0.0002997389680148858, "data_time": 0.017691874504089357, "loss": 0.30826220512390134, "decode.loss_ce": 0.1885852485895157, "decode.acc_seg": 92.28434753417969, "aux.loss_ce": 0.11967695653438568, "aux.acc_seg": 90.79237365722656, "time": 0.38821938037872317, "iter": 30, "memory": 10292, "step": 30}
{"lr": 0.00029964894819870257, "data_time": 0.01596665382385254, "loss": 0.26242124289274216, "decode.loss_ce": 0.16326957792043686, "decode.acc_seg": 95.03703308105469, "aux.loss_ce": 0.09915166720747948, "aux.acc_seg": 93.29743194580078, "time": 0.3767491102218628, "iter": 40, "memory": 10292, "step": 40}
{"lr": 0.00029955892387239537, "data_time": 0.015196585655212402, "loss": 0.21131734251976014, "decode.loss_ce": 0.12969575002789496, "decode.acc_seg": 96.21086120605469, "aux.loss_ce": 0.08162159249186515, "aux.acc_seg": 95.51248168945312, "time": 0.3762353420257568, "iter": 50, "memory": 10292, "step": 50}
{"lr": 0.00029946889503347724, "data_time": 0.01613948345184326, "loss": 0.21916310042142867, "decode.loss_ce": 0.13809753805398942, "decode.acc_seg": 95.38145446777344, "aux.loss_ce": 0.08106556162238121, "aux.acc_seg": 93.3829345703125, "time": 0.38127152919769286, "iter": 60, "memory": 10292, "step": 60}
{"lr": 0.0002993788616794589, "data_time": 0.01667602062225342, "loss": 0.2167097419500351, "decode.loss_ce": 0.1409645490348339, "decode.acc_seg": 95.20287322998047, "aux.loss_ce": 0.07574519328773022, "aux.acc_seg": 94.08807373046875, "time": 0.3861569881439209, "iter": 70, "memory": 10292, "step": 70}
{"lr": 0.00029928882380784815, "data_time": 0.021089339256286622, "loss": 0.210093255341053, "decode.loss_ce": 0.1361483171582222, "decode.acc_seg": 95.18184661865234, "aux.loss_ce": 0.0739449366927147, "aux.acc_seg": 94.05374145507812, "time": 0.4004625082015991, "iter": 80, "memory": 10292, "step": 80}
{"lr": 0.00029919878141615013, "data_time": 0.019943976402282716, "loss": 0.17624096423387528, "decode.loss_ce": 0.11284786909818649, "decode.acc_seg": 94.86880493164062, "aux.loss_ce": 0.06339309327304363, "aux.acc_seg": 93.63455963134766, "time": 0.3903582334518433, "iter": 90, "memory": 10292, "step": 90}
{"lr": 0.00029910873450186777, "data_time": 0.01857619285583496, "loss": 0.1865157663822174, "decode.loss_ce": 0.12003815099596978, "decode.acc_seg": 94.76342010498047, "aux.loss_ce": 0.06647761836647988, "aux.acc_seg": 93.22142791748047, "time": 0.39059906005859374, "iter": 100, "memory": 10292, "step": 100}
{"lr": 0.0002990186830625009, "data_time": 0.020529770851135255, "loss": 0.1861791118979454, "decode.loss_ce": 0.12285053580999375, "decode.acc_seg": 95.45769500732422, "aux.loss_ce": 0.06332857422530651, "aux.acc_seg": 94.23480224609375, "time": 0.40153021812438966, "iter": 110, "memory": 10292, "step": 110}
{"lr": 0.00029892862709554694, "data_time": 0.017745375633239746, "loss": 0.16131336539983748, "decode.loss_ce": 0.10422352701425552, "decode.acc_seg": 96.46277618408203, "aux.loss_ce": 0.05708983838558197, "aux.acc_seg": 94.90113067626953, "time": 0.3960893154144287, "iter": 120, "memory": 10292, "step": 120}
{"lr": 0.00029883856659850065, "data_time": 0.017492175102233887, "loss": 0.158713049441576, "decode.loss_ce": 0.10346617102622986, "decode.acc_seg": 95.67561340332031, "aux.loss_ce": 0.055246878415346146, "aux.acc_seg": 94.46783447265625, "time": 0.39111740589141847, "iter": 130, "memory": 10292, "step": 130}
{"lr": 0.00029874850156885415, "data_time": 0.01612269878387451, "loss": 0.19968962371349336, "decode.loss_ce": 0.13354281187057496, "decode.acc_seg": 95.62163543701172, "aux.loss_ce": 0.06614681407809257, "aux.acc_seg": 94.03219604492188, "time": 0.39048264026641843, "iter": 140, "memory": 10292, "step": 140}
{"lr": 0.00029865843200409676, "data_time": 0.016465282440185545, "loss": 0.1737532913684845, "decode.loss_ce": 0.11398612111806869, "decode.acc_seg": 95.73402404785156, "aux.loss_ce": 0.05976716876029968, "aux.acc_seg": 94.3185806274414, "time": 0.39368603229522703, "iter": 150, "memory": 10292, "step": 150}
{"lr": 0.0002985683579017153, "data_time": 0.018621158599853516, "loss": 0.15300457328557968, "decode.loss_ce": 0.09982706680893898, "decode.acc_seg": 96.95186614990234, "aux.loss_ce": 0.05317750573158264, "aux.acc_seg": 95.58654022216797, "time": 0.39173800945281984, "iter": 160, "memory": 10292, "step": 160}
{"lr": 0.000298478279259194, "data_time": 0.0183058500289917, "loss": 0.1799052730202675, "decode.loss_ce": 0.11869331672787667, "decode.acc_seg": 94.64039611816406, "aux.loss_ce": 0.06121195517480373, "aux.acc_seg": 93.53761291503906, "time": 0.3954853773117065, "iter": 170, "memory": 10292, "step": 170}
{"lr": 0.00029838819607401403, "data_time": 0.01840927600860596, "loss": 0.1830095738172531, "decode.loss_ce": 0.12124956250190735, "decode.acc_seg": 95.52397918701172, "aux.loss_ce": 0.06176001131534577, "aux.acc_seg": 94.51985168457031, "time": 0.3939912557601929, "iter": 180, "memory": 10292, "step": 180}
{"lr": 0.00029829810834365453, "data_time": 0.016966867446899413, "loss": 0.17506855204701424, "decode.loss_ce": 0.11587115451693535, "decode.acc_seg": 96.88330078125, "aux.loss_ce": 0.05919739753007889, "aux.acc_seg": 95.7499008178711, "time": 0.3986710786819458, "iter": 190, "memory": 10292, "step": 190}
{"lr": 0.0002982080160655914, "data_time": 0.016114521026611327, "loss": 0.15106392949819564, "decode.loss_ce": 0.09880519360303879, "decode.acc_seg": 96.23856353759766, "aux.loss_ce": 0.0522587351500988, "aux.acc_seg": 94.7305679321289, "time": 0.3902618885040283, "iter": 200, "memory": 10292, "step": 200}
{"lr": 0.000298117919237298, "data_time": 0.016521239280700685, "loss": 0.16209737211465836, "decode.loss_ce": 0.10768820568919182, "decode.acc_seg": 93.97759246826172, "aux.loss_ce": 0.05440916419029236, "aux.acc_seg": 93.21212768554688, "time": 0.3899540901184082, "iter": 210, "memory": 10292, "step": 210}
{"lr": 0.0002980278178562452, "data_time": 0.017659211158752443, "loss": 0.15383245199918746, "decode.loss_ce": 0.10021663084626198, "decode.acc_seg": 96.03614807128906, "aux.loss_ce": 0.05361582189798355, "aux.acc_seg": 94.71778869628906, "time": 0.3928307056427002, "iter": 220, "memory": 10292, "step": 220}
{"lr": 0.0002979377119199011, "data_time": 0.018691635131835936, "loss": 0.1431254580616951, "decode.loss_ce": 0.09367950558662415, "decode.acc_seg": 97.78823852539062, "aux.loss_ce": 0.049445950984954835, "aux.acc_seg": 96.81735229492188, "time": 0.39741709232330324, "iter": 230, "memory": 10292, "step": 230}
{"lr": 0.00029784760142573106, "data_time": 0.019175410270690918, "loss": 0.13274800032377243, "decode.loss_ce": 0.0859481818974018, "decode.acc_seg": 95.3460693359375, "aux.loss_ce": 0.04679981879889965, "aux.acc_seg": 94.51866149902344, "time": 0.39312379360198973, "iter": 240, "memory": 10292, "step": 240}
{"lr": 0.0002977574863711977, "data_time": 0.017546987533569335, "loss": 0.15619160532951354, "decode.loss_ce": 0.10223479866981507, "decode.acc_seg": 96.05236053466797, "aux.loss_ce": 0.053956806659698486, "aux.acc_seg": 94.48237609863281, "time": 0.39188597202301023, "iter": 250, "memory": 10292, "step": 250}
{"lr": 0.000297667366753761, "data_time": 0.017485904693603515, "loss": 0.12280326411128044, "decode.loss_ce": 0.08008970022201538, "decode.acc_seg": 98.0855941772461, "aux.loss_ce": 0.04271356537938118, "aux.acc_seg": 97.34520721435547,